<?xml version="1.0" encoding="UTF-8" standalone="no"?>
<instance:xArch xmlns:instance="http://www.ics.uci.edu/pub/arch/xArch/instance.xsd" xmlns:changes="http://www.ics.uci.edu/pub/arch/xArch/changes.xsd" xmlns:hints3="http://www.ics.uci.edu/pub/arch/xArch/hints3.xsd" xmlns:implementation="http://www.ics.uci.edu/pub/arch/xArch/implementation.xsd" xmlns:implementationext="http://www.ics.uci.edu/pub/arch/xArch/implementationext.xsd" xmlns:javaimplementation="http://www.ics.uci.edu/pub/arch/xArch/javaimplementation.xsd" xmlns:lookupimplementation="http://www.ics.uci.edu/pub/arch/xArch/lookupimplementation.xsd" xmlns:types="http://www.ics.uci.edu/pub/arch/xArch/types.xsd" xmlns:xlink="http://www.w3.org/1999/xlink" xmlns:xsi="http://www.w3.org/2001/XMLSchema-instance" xsi:schemaLocation="http://www.ics.uci.edu/pub/arch/xArch/implementationext.xsd http://www.ics.uci.edu/~zhengy/schema/Implementationext.xsd http://www.ics.uci.edu/pub/arch/xArch/changes.xsd http://www.ics.uci.edu/~zhengy/schema/changes.xsd http://www.ics.uci.edu/pub/arch/xArch/hints3.xsd http://www.isr.uci.edu/projects/xarchuci/ext/hints3.xsd http://www.ics.uci.edu/pub/arch/xArch/lookupimplementation.xsd http://www.isr.uci.edu/projects/xarchuci/ext/lookupimplementation.xsd http://www.ics.uci.edu/pub/arch/xArch/javaimplementation.xsd http://www.isr.uci.edu/projects/xarchuci/ext/javaimplementation.xsd http://www.ics.uci.edu/pub/arch/xArch/implementation.xsd http://www.isr.uci.edu/projects/xarchuci/ext/implementation.xsd http://www.ics.uci.edu/pub/arch/xArch/variants.xsd http://www.isr.uci.edu/projects/xarchuci/ext/variants.xsd http://www.ics.uci.edu/pub/arch/xArch/instance.xsd http://www.isr.uci.edu/projects/xarchuci/core/instance.xsd http://www.ics.uci.edu/pub/arch/xArch/statecharts.xsd http://www.ics.uci.edu/~zhengy/schema/statecharts.xsd http://www.ics.uci.edu/pub/arch/xArch/interactions.xsd http://www.ics.uci.edu/~zhengy/schema/interactions.xsd http://www.ics.uci.edu/pub/arch/xArch/types.xsd http://www.isr.uci.edu/projects/xarchuci/ext/types.xsd http://www.ics.uci.edu/pub/arch/xArch/changesets.xsd http://www.isr.uci.edu/projects/xarchuci/ext/changesets.xsd">
    <types:archTypes xsi:type="types:ArchTypes">
        <types:connectorType types:id="connectorTypeffff9f01-00e4cff7-20cf0dfa-6c0d0017" xsi:type="implementation:VariantConnectorTypeImpl">
            <types:description xsi:type="instance:Description">EventPump Type</types:description>
            <types:signature types:id="signatureffff9f01-00e4cffc-83feaa00-6c0d0018" xsi:type="implementation:SignatureImpl">
                <types:description xsi:type="instance:Description">in</types:description>
                <types:direction xsi:type="instance:Direction">in</types:direction>
                <implementation:implementation xsi:type="lookupimplementation:LookupImplementation">
                    <lookupimplementation:name xsi:type="lookupimplementation:LookupName">in</lookupimplementation:name>
                </implementation:implementation>
            </types:signature>
            <types:signature types:id="signatureffff9f01-00e4d001-ec6d0186-6c0d0019" xsi:type="implementation:SignatureImpl">
                <types:description xsi:type="instance:Description">out</types:description>
                <types:direction xsi:type="instance:Direction">out</types:direction>
                <implementation:implementation xsi:type="lookupimplementation:LookupImplementation">
                    <lookupimplementation:name xsi:type="lookupimplementation:LookupName">out</lookupimplementation:name>
                </implementation:implementation>
            </types:signature>
            <implementation:implementation xsi:type="javaimplementation:JavaImplementation">
                <javaimplementation:mainClass xsi:type="javaimplementation:JavaClassFile">
                    <javaimplementation:javaClassName xsi:type="javaimplementation:JavaClassName">edu.uci.isr.myx.conn.EventPumpConnector</javaimplementation:javaClassName>
                </javaimplementation:mainClass>
            </implementation:implementation>
        </types:connectorType>
        <types:connectorType types:id="connectorTypeffff9f01-00e4d006-e2e370c2-6c0d001a" xsi:type="implementation:VariantConnectorTypeImpl">
            <types:description xsi:type="instance:Description">Synchronous Type</types:description>
            <types:signature types:id="signatureffff9f01-00e4d008-18868369-6c0d001b" xsi:type="implementation:SignatureImpl">
                <types:description xsi:type="instance:Description">in</types:description>
                <types:direction xsi:type="instance:Direction">in</types:direction>
                <implementation:implementation xsi:type="lookupimplementation:LookupImplementation">
                    <lookupimplementation:name xsi:type="lookupimplementation:LookupName">in</lookupimplementation:name>
                </implementation:implementation>
            </types:signature>
            <types:signature types:id="signatureffff9f01-00e4d009-7ec0191c-6c0d001c" xsi:type="implementation:SignatureImpl">
                <types:description xsi:type="instance:Description">out</types:description>
                <types:direction xsi:type="instance:Direction">out</types:direction>
                <implementation:implementation xsi:type="lookupimplementation:LookupImplementation">
                    <lookupimplementation:name xsi:type="lookupimplementation:LookupName">out</lookupimplementation:name>
                </implementation:implementation>
            </types:signature>
            <implementation:implementation xsi:type="javaimplementation:JavaImplementation">
                <javaimplementation:mainClass xsi:type="javaimplementation:JavaClassFile">
                    <javaimplementation:javaClassName xsi:type="javaimplementation:JavaClassName">edu.uci.isr.myx.conn.SynchronousProxyConnector</javaimplementation:javaClassName>
                </javaimplementation:mainClass>
            </implementation:implementation>
        </types:connectorType>
        <types:connectorType types:id="connectorTypeffff9f01-00e4d00c-89ada211-6c0d001d" xsi:type="implementation:VariantConnectorTypeImpl">
            <types:description xsi:type="instance:Description">EventPump Type - Sync &amp; Async</types:description>
            <types:signature types:id="signatureffff9f01-00e4d00f-92475f5c-6c0d001e" xsi:type="implementation:SignatureImpl">
                <types:description xsi:type="instance:Description">in</types:description>
                <types:direction xsi:type="instance:Direction">in</types:direction>
                <implementation:implementation xsi:type="lookupimplementation:LookupImplementation">
                    <lookupimplementation:name xsi:type="lookupimplementation:LookupName">in</lookupimplementation:name>
                </implementation:implementation>
            </types:signature>
            <types:signature types:id="signatureffff9f01-00e4d013-a18d89ec-6c0d001f" xsi:type="implementation:SignatureImpl">
                <types:description xsi:type="instance:Description">out</types:description>
                <types:direction xsi:type="instance:Direction">out</types:direction>
                <implementation:implementation xsi:type="lookupimplementation:LookupImplementation">
                    <lookupimplementation:name xsi:type="lookupimplementation:LookupName">asynch</lookupimplementation:name>
                </implementation:implementation>
            </types:signature>
            <types:signature types:id="signatureffff9f01-00e4d016-2e73ac8e-6c0d0020" xsi:type="implementation:SignatureImpl">
                <types:description xsi:type="instance:Description">out</types:description>
                <types:direction xsi:type="instance:Direction">out</types:direction>
                <implementation:implementation xsi:type="lookupimplementation:LookupImplementation">
                    <lookupimplementation:name xsi:type="lookupimplementation:LookupName">synch</lookupimplementation:name>
                </implementation:implementation>
            </types:signature>
            <implementation:implementation xsi:type="javaimplementation:JavaImplementation">
                <javaimplementation:mainClass xsi:type="javaimplementation:JavaClassFile">
                    <javaimplementation:javaClassName xsi:type="javaimplementation:JavaClassName">edu.uci.isr.myx.conn.SynchAsynchPumpConnector</javaimplementation:javaClassName>
                </javaimplementation:mainClass>
            </implementation:implementation>
        </types:connectorType>
        <types:interfaceType types:id="interfaceTypeffff9f01-00e4ea95-665c20bc-6c0d0021" xsi:type="implementation:InterfaceTypeImpl">
            <types:description xsi:type="instance:Description">Board control</types:description>
            <implementation:implementation xsi:type="javaimplementation:JavaImplementation">
                <javaimplementation:mainClass xsi:type="javaimplementation:JavaClassFile">
                    <javaimplementation:javaClassName xsi:type="javaimplementation:JavaClassName">tetrisarch.IBoardPanel</javaimplementation:javaClassName>
                </javaimplementation:mainClass>
            </implementation:implementation>
        </types:interfaceType>
        <types:interfaceType types:id="interfaceTypeffff9f01-00e58212-26d84166-6c0d0022" xsi:type="implementation:InterfaceTypeImpl">
            <types:description xsi:type="instance:Description">Side panel control</types:description>
            <implementation:implementation xsi:type="javaimplementation:JavaImplementation">
                <javaimplementation:mainClass xsi:type="javaimplementation:JavaClassFile">
                    <javaimplementation:javaClassName xsi:type="javaimplementation:JavaClassName">tetrisarch.ISidePanel</javaimplementation:javaClassName>
                </javaimplementation:mainClass>
            </implementation:implementation>
        </types:interfaceType>
        <types:interfaceType types:id="interfaceTypeffff9f01-00e70203-2c84eb21-6c0d0024" xsi:type="implementation:InterfaceTypeImpl">
            <types:description xsi:type="instance:Description">Clock control</types:description>
            <implementation:implementation xsi:type="javaimplementation:JavaImplementation">
                <javaimplementation:mainClass xsi:type="javaimplementation:JavaClassFile">
                    <javaimplementation:javaClassName xsi:type="javaimplementation:JavaClassName">tetrisarch.IClock</javaimplementation:javaClassName>
                </javaimplementation:mainClass>
            </implementation:implementation>
        </types:interfaceType>
    </types:archTypes>
<types:archStructure types:id="archStructureffff9f01-01bd258c-78dcaf14-6c0d0027" xsi:type="types:ArchStructure">
        <types:description xsi:type="instance:Description">TetrisGame</types:description>
        <types:component types:id="componentffff9f01-01bda509-23f155c1-6c0d002b" xsi:type="implementationext:ComponentImpl">
            <types:description xsi:type="instance:Description">Tetris</types:description>
            <types:interface types:id="interfaceffff9f01-01c15bc3-9d920b8f-6c0d01bf" xsi:type="types:Interface">
                <types:description xsi:type="instance:Description">[New Interface]</types:description>
                <types:direction xsi:type="instance:Direction">out</types:direction>
                <types:type xlink:href="#interfaceTypeffff9f01-00e58212-26d84166-6c0d0022" xlink:type="simple" xsi:type="instance:XMLLink"/>
            </types:interface>
            <types:interface types:id="interfaceffff9f01-01c1a69e-dcd04bb1-6c0d01e1" xsi:type="types:Interface">
                <types:description xsi:type="instance:Description">[New Interface]</types:description>
                <types:direction xsi:type="instance:Direction">out</types:direction>
                <types:type xlink:href="#interfaceTypeffff9f01-00e70203-2c84eb21-6c0d0024" xlink:type="simple" xsi:type="instance:XMLLink"/>
            </types:interface>
            <types:interface types:id="interfaceffff9f01-01c1d787-9068aca2-6c0d0203" xsi:type="types:Interface">
                <types:description xsi:type="instance:Description">[New Interface]</types:description>
                <types:direction xsi:type="instance:Direction">out</types:direction>
                <types:type xlink:href="#interfaceTypeffff9f01-00e4ea95-665c20bc-6c0d0021" xlink:type="simple" xsi:type="instance:XMLLink"/>
            </types:interface>
            <implementationext:implementation xsi:type="javaimplementation:JavaImplementation">
                <javaimplementation:mainClass xsi:type="javaimplementation:JavaClassFile">
                    <javaimplementation:javaClassName xsi:type="javaimplementation:JavaClassName">Tetris.TetrisArch</javaimplementation:javaClassName>
                </javaimplementation:mainClass>
                <javaimplementation:auxClass xsi:type="javaimplementation:JavaClassFile">
                    <javaimplementation:javaClassName xsi:type="javaimplementation:JavaClassName">Tetris.TetrisImp</javaimplementation:javaClassName>
                </javaimplementation:auxClass>
            </implementationext:implementation>
        </types:component>
        <types:component types:id="componentffff9f01-01be8b22-ddcdfbb8-6c0d0050" xsi:type="implementationext:ComponentImpl">
            <types:description xsi:type="instance:Description">Clock</types:description>
            <types:interface types:id="interfaceffff9f01-01c27c89-4543e6bf-6c0d026c" xsi:type="types:Interface">
                <types:description xsi:type="instance:Description">[New Interface]</types:description>
                <types:direction xsi:type="instance:Direction">in</types:direction>
                <types:type xlink:href="#interfaceTypeffff9f01-00e70203-2c84eb21-6c0d0024" xlink:type="simple" xsi:type="instance:XMLLink"/>
            </types:interface>
            <implementationext:implementation xsi:type="javaimplementation:JavaImplementation">
                <javaimplementation:mainClass xsi:type="javaimplementation:JavaClassFile">
                    <javaimplementation:javaClassName xsi:type="javaimplementation:JavaClassName">Clock.TetrisClockArch</javaimplementation:javaClassName>
                </javaimplementation:mainClass>
                <javaimplementation:auxClass xsi:type="javaimplementation:JavaClassFile">
                    <javaimplementation:javaClassName xsi:type="javaimplementation:JavaClassName">Clock.TetrisClockImp</javaimplementation:javaClassName>
                </javaimplementation:auxClass>
            </implementationext:implementation>
        </types:component>
        <types:component types:id="componentffff9f01-01beaab9-b06a7f51-6c0d0074" xsi:type="implementationext:ComponentImpl">
            <types:description xsi:type="instance:Description">BoardPanel</types:description>
            <types:interface types:id="interfaceffff9f01-01c240c7-409e26d4-6c0d0248" xsi:type="types:Interface">
                <types:description xsi:type="instance:Description">[New Interface]</types:description>
                <types:direction xsi:type="instance:Direction">in</types:direction>
                <types:type xlink:href="#interfaceTypeffff9f01-00e4ea95-665c20bc-6c0d0021" xlink:type="simple" xsi:type="instance:XMLLink"/>
            </types:interface>
            <implementationext:implementation xsi:type="javaimplementation:JavaImplementation">
                <javaimplementation:mainClass xsi:type="javaimplementation:JavaClassFile">
                    <javaimplementation:javaClassName xsi:type="javaimplementation:JavaClassName">BoardPanel.TetrisBoardPanelArch</javaimplementation:javaClassName>
                </javaimplementation:mainClass>
                <javaimplementation:auxClass xsi:type="javaimplementation:JavaClassFile">
                    <javaimplementation:javaClassName xsi:type="javaimplementation:JavaClassName">BoardPanel.TetrisBoardPanelImp</javaimplementation:javaClassName>
                </javaimplementation:auxClass>
            </implementationext:implementation>
        </types:component>
        <types:component types:id="componentffff9f01-01c01a6b-9f663dab-6c0d00ca" xsi:type="implementationext:ComponentImpl">
            <types:description xsi:type="instance:Description">SidePanel</types:description>
            <types:interface types:id="interfaceffff9f01-01c203b8-619c9eca-6c0d0226" xsi:type="types:Interface">
                <types:description xsi:type="instance:Description">[New Interface]</types:description>
                <types:direction xsi:type="instance:Direction">in</types:direction>
                <types:type xlink:href="#interfaceTypeffff9f01-00e58212-26d84166-6c0d0022" xlink:type="simple" xsi:type="instance:XMLLink"/>
            </types:interface>
            <implementationext:implementation xsi:type="javaimplementation:JavaImplementation">
                <javaimplementation:mainClass xsi:type="javaimplementation:JavaClassFile">
                    <javaimplementation:javaClassName xsi:type="javaimplementation:JavaClassName">SidePanel.TetrisSidePanel.Arch</javaimplementation:javaClassName>
                </javaimplementation:mainClass>
                <javaimplementation:auxClass xsi:type="javaimplementation:JavaClassFile">
                    <javaimplementation:javaClassName xsi:type="javaimplementation:JavaClassName">SidePanel.TetrisSidePanel.Imp</javaimplementation:javaClassName>
                </javaimplementation:auxClass>
            </implementationext:implementation>
        </types:component>
        <types:link types:id="linkffff9f01-01c3ac86-0f7d8141-6c0d02a3" xsi:type="types:Link">
            <types:description xsi:type="instance:Description">[New Link]</types:description>
            <types:point xsi:type="instance:Point">
                <instance:anchorOnInterface xlink:href="#interfaceffff9f01-01c15bc3-9d920b8f-6c0d01bf" xlink:type="simple" xsi:type="instance:XMLLink"/>
            </types:point>
            <types:point xsi:type="instance:Point">
                <instance:anchorOnInterface xlink:href="#interfaceffff9f01-01c203b8-619c9eca-6c0d0226" xlink:type="simple" xsi:type="instance:XMLLink"/>
            </types:point>
        </types:link>
        <types:link types:id="linkffff9f01-01c3e566-fdccbecd-6c0d02b1" xsi:type="types:Link">
            <types:description xsi:type="instance:Description">[New Link]</types:description>
            <types:point xsi:type="instance:Point">
                <instance:anchorOnInterface xlink:href="#interfaceffff9f01-01c1d787-9068aca2-6c0d0203" xlink:type="simple" xsi:type="instance:XMLLink"/>
            </types:point>
            <types:point xsi:type="instance:Point">
                <instance:anchorOnInterface xlink:href="#interfaceffff9f01-01c240c7-409e26d4-6c0d0248" xlink:type="simple" xsi:type="instance:XMLLink"/>
            </types:point>
        </types:link>
        <types:link types:id="linkffff9f01-01c43c41-abc148cd-6c0d02c9" xsi:type="types:Link">
            <types:description xsi:type="instance:Description">[New Link]</types:description>
            <types:point xsi:type="instance:Point">
                <instance:anchorOnInterface xlink:href="#interfaceffff9f01-01c1a69e-dcd04bb1-6c0d01e1" xlink:type="simple" xsi:type="instance:XMLLink"/>
            </types:point>
            <types:point xsi:type="instance:Point">
                <instance:anchorOnInterface xlink:href="#interfaceffff9f01-01c27c89-4543e6bf-6c0d026c" xlink:type="simple" xsi:type="instance:XMLLink"/>
            </types:point>
        </types:link>
    </types:archStructure>
    <hints3:renderingHints3 xsi:type="hints3:RenderingHints3">
        <hints3:hintedElement hints3:maintainer="edu.uci.isr.archstudio4.comp.archipelago" hints3:version="4.0.0" xsi:type="hints3:HintBundle"/>
        <hints3:hintedElement hints3:maintainer="edu.uci.isr.archstudio4.comp.archipelago" hints3:version="4.1.0" xsi:type="hints3:HintBundle">
            <hints3:hintedElement xsi:type="hints3:HintedElement">
                <hints3:target xlink:href="#archStructureffff9f01-01bd258c-78dcaf14-6c0d0027" xlink:type="simple" xsi:type="instance:XMLLink"/>
                <hints3:hintedElement xsi:type="hints3:HintedElement">
                    <hints3:target xlink:href="#componentffff9f01-01bda509-23f155c1-6c0d002b" xlink:type="simple" xsi:type="instance:XMLLink"/>
                    <hints3:property hints3:name="glass/boundingBox" xsi:type="hints3:Property">
                        <hints3:value hints3:data="10250,10025,100,100" hints3:type="org.eclipse.swt.graphics.Rectangle" xsi:type="hints3:PropertyValue"/>
                    </hints3:property>
                    <hints3:property hints3:name="background/color" xsi:type="hints3:Property">
                        <hints3:value hints3:data="197,203,255" hints3:type="org.eclipse.swt.graphics.RGB" xsi:type="hints3:PropertyValue"/>
                    </hints3:property>
                </hints3:hintedElement>
                <hints3:hintedElement xsi:type="hints3:HintedElement">
                    <hints3:target xlink:href="#componentffff9f01-01be8b22-ddcdfbb8-6c0d0050" xlink:type="simple" xsi:type="instance:XMLLink"/>
                    <hints3:property hints3:name="glass/boundingBox" xsi:type="hints3:Property">
                        <hints3:value hints3:data="10400,10225,100,100" hints3:type="org.eclipse.swt.graphics.Rectangle" xsi:type="hints3:PropertyValue"/>
                    </hints3:property>
                    <hints3:property hints3:name="background/color" xsi:type="hints3:Property">
                        <hints3:value hints3:data="197,203,255" hints3:type="org.eclipse.swt.graphics.RGB" xsi:type="hints3:PropertyValue"/>
                    </hints3:property>
                </hints3:hintedElement>
                <hints3:hintedElement xsi:type="hints3:HintedElement">
                    <hints3:target xlink:href="#componentffff9f01-01beaab9-b06a7f51-6c0d0074" xlink:type="simple" xsi:type="instance:XMLLink"/>
                    <hints3:property hints3:name="glass/boundingBox" xsi:type="hints3:Property">
                        <hints3:value hints3:data="10225,10225,100,100" hints3:type="org.eclipse.swt.graphics.Rectangle" xsi:type="hints3:PropertyValue"/>
                    </hints3:property>
                    <hints3:property hints3:name="background/color" xsi:type="hints3:Property">
                        <hints3:value hints3:data="197,203,255" hints3:type="org.eclipse.swt.graphics.RGB" xsi:type="hints3:PropertyValue"/>
                    </hints3:property>
                </hints3:hintedElement>
                <hints3:hintedElement xsi:type="hints3:HintedElement">
                    <hints3:target xlink:href="#componentffff9f01-01c01a6b-9f663dab-6c0d00ca" xlink:type="simple" xsi:type="instance:XMLLink"/>
                    <hints3:property hints3:name="glass/boundingBox" xsi:type="hints3:Property">
                        <hints3:value hints3:data="10075,10225,100,100" hints3:type="org.eclipse.swt.graphics.Rectangle" xsi:type="hints3:PropertyValue"/>
                    </hints3:property>
                    <hints3:property hints3:name="background/color" xsi:type="hints3:Property">
                        <hints3:value hints3:data="197,203,255" hints3:type="org.eclipse.swt.graphics.RGB" xsi:type="hints3:PropertyValue"/>
                    </hints3:property>
                </hints3:hintedElement>
                <hints3:hintedElement xsi:type="hints3:HintedElement">
                    <hints3:target xlink:href="#interfaceffff9f01-01c15bc3-9d920b8f-6c0d01bf" xlink:type="simple" xsi:type="instance:XMLLink"/>
                    <hints3:property hints3:name="glass/anchorPoint" xsi:type="hints3:Property">
                        <hints3:value hints3:data="10275,10125" hints3:type="org.eclipse.swt.graphics.Point" xsi:type="hints3:PropertyValue"/>
                    </hints3:property>
                    <hints3:property hints3:name="glass/anchorPoint-StuckInfo" xsi:type="hints3:Property">
                        <hints3:value hints3:data="{EDGE,{0.25,1.0}}" hints3:type="{[Ljava.lang.Object;,2,enum:edu.uci.isr.bna4.logics.coordinating.MaintainStickyPointLogic$StickyMode,{[F,2,java.lang.Float,java.lang.Float}}" xsi:type="hints3:PropertyValue"/>
                    </hints3:property>
                    <hints3:property hints3:name="background/color" xsi:type="hints3:Property">
                        <hints3:value hints3:data="255,255,255" hints3:type="org.eclipse.swt.graphics.RGB" xsi:type="hints3:PropertyValue"/>
                    </hints3:property>
                </hints3:hintedElement>
                <hints3:hintedElement xsi:type="hints3:HintedElement">
                    <hints3:target xlink:href="#interfaceffff9f01-01c1a69e-dcd04bb1-6c0d01e1" xlink:type="simple" xsi:type="instance:XMLLink"/>
                    <hints3:property hints3:name="glass/anchorPoint" xsi:type="hints3:Property">
                        <hints3:value hints3:data="10325,10125" hints3:type="org.eclipse.swt.graphics.Point" xsi:type="hints3:PropertyValue"/>
                    </hints3:property>
                    <hints3:property hints3:name="glass/anchorPoint-StuckInfo" xsi:type="hints3:Property">
                        <hints3:value hints3:data="{EDGE,{0.75,1.0}}" hints3:type="{[Ljava.lang.Object;,2,enum:edu.uci.isr.bna4.logics.coordinating.MaintainStickyPointLogic$StickyMode,{[F,2,java.lang.Float,java.lang.Float}}" xsi:type="hints3:PropertyValue"/>
                    </hints3:property>
                    <hints3:property hints3:name="background/color" xsi:type="hints3:Property">
                        <hints3:value hints3:data="255,255,255" hints3:type="org.eclipse.swt.graphics.RGB" xsi:type="hints3:PropertyValue"/>
                    </hints3:property>
                </hints3:hintedElement>
                <hints3:hintedElement xsi:type="hints3:HintedElement">
                    <hints3:target xlink:href="#interfaceffff9f01-01c1d787-9068aca2-6c0d0203" xlink:type="simple" xsi:type="instance:XMLLink"/>
                    <hints3:property hints3:name="glass/anchorPoint" xsi:type="hints3:Property">
                        <hints3:value hints3:data="10300,10125" hints3:type="org.eclipse.swt.graphics.Point" xsi:type="hints3:PropertyValue"/>
                    </hints3:property>
                    <hints3:property hints3:name="glass/anchorPoint-StuckInfo" xsi:type="hints3:Property">
                        <hints3:value hints3:data="{EDGE,{0.5,1.0}}" hints3:type="{[Ljava.lang.Object;,2,enum:edu.uci.isr.bna4.logics.coordinating.MaintainStickyPointLogic$StickyMode,{[F,2,java.lang.Float,java.lang.Float}}" xsi:type="hints3:PropertyValue"/>
                    </hints3:property>
                    <hints3:property hints3:name="background/color" xsi:type="hints3:Property">
                        <hints3:value hints3:data="255,255,255" hints3:type="org.eclipse.swt.graphics.RGB" xsi:type="hints3:PropertyValue"/>
                    </hints3:property>
                </hints3:hintedElement>
                <hints3:hintedElement xsi:type="hints3:HintedElement">
                    <hints3:target xlink:href="#interfaceffff9f01-01c203b8-619c9eca-6c0d0226" xlink:type="simple" xsi:type="instance:XMLLink"/>
                    <hints3:property hints3:name="glass/anchorPoint" xsi:type="hints3:Property">
                        <hints3:value hints3:data="10100,10225" hints3:type="org.eclipse.swt.graphics.Point" xsi:type="hints3:PropertyValue"/>
                    </hints3:property>
                    <hints3:property hints3:name="glass/anchorPoint-StuckInfo" xsi:type="hints3:Property">
                        <hints3:value hints3:data="{EDGE,{0.25,0.0}}" hints3:type="{[Ljava.lang.Object;,2,enum:edu.uci.isr.bna4.logics.coordinating.MaintainStickyPointLogic$StickyMode,{[F,2,java.lang.Float,java.lang.Float}}" xsi:type="hints3:PropertyValue"/>
                    </hints3:property>
                    <hints3:property hints3:name="background/color" xsi:type="hints3:Property">
                        <hints3:value hints3:data="255,255,255" hints3:type="org.eclipse.swt.graphics.RGB" xsi:type="hints3:PropertyValue"/>
                    </hints3:property>
                </hints3:hintedElement>
                <hints3:hintedElement xsi:type="hints3:HintedElement">
                    <hints3:target xlink:href="#interfaceffff9f01-01c240c7-409e26d4-6c0d0248" xlink:type="simple" xsi:type="instance:XMLLink"/>
                    <hints3:property hints3:name="glass/anchorPoint" xsi:type="hints3:Property">
                        <hints3:value hints3:data="10275,10225" hints3:type="org.eclipse.swt.graphics.Point" xsi:type="hints3:PropertyValue"/>
                    </hints3:property>
                    <hints3:property hints3:name="glass/anchorPoint-StuckInfo" xsi:type="hints3:Property">
                        <hints3:value hints3:data="{EDGE,{0.5,0.0}}" hints3:type="{[Ljava.lang.Object;,2,enum:edu.uci.isr.bna4.logics.coordinating.MaintainStickyPointLogic$StickyMode,{[F,2,java.lang.Float,java.lang.Float}}" xsi:type="hints3:PropertyValue"/>
                    </hints3:property>
                    <hints3:property hints3:name="background/color" xsi:type="hints3:Property">
                        <hints3:value hints3:data="255,255,255" hints3:type="org.eclipse.swt.graphics.RGB" xsi:type="hints3:PropertyValue"/>
                    </hints3:property>
                </hints3:hintedElement>
                <hints3:hintedElement xsi:type="hints3:HintedElement">
                    <hints3:target xlink:href="#interfaceffff9f01-01c27c89-4543e6bf-6c0d026c" xlink:type="simple" xsi:type="instance:XMLLink"/>
                    <hints3:property hints3:name="glass/anchorPoint" xsi:type="hints3:Property">
                        <hints3:value hints3:data="10425,10225" hints3:type="org.eclipse.swt.graphics.Point" xsi:type="hints3:PropertyValue"/>
                    </hints3:property>
                    <hints3:property hints3:name="glass/anchorPoint-StuckInfo" xsi:type="hints3:Property">
                        <hints3:value hints3:data="{EDGE,{0.25,0.0}}" hints3:type="{[Ljava.lang.Object;,2,enum:edu.uci.isr.bna4.logics.coordinating.MaintainStickyPointLogic$StickyMode,{[F,2,java.lang.Float,java.lang.Float}}" xsi:type="hints3:PropertyValue"/>
                    </hints3:property>
                    <hints3:property hints3:name="background/color" xsi:type="hints3:Property">
                        <hints3:value hints3:data="255,255,255" hints3:type="org.eclipse.swt.graphics.RGB" xsi:type="hints3:PropertyValue"/>
                    </hints3:property>
                </hints3:hintedElement>
                <hints3:hintedElement xsi:type="hints3:HintedElement">
                    <hints3:target xlink:href="#componentffff9f01-01c37bf2-9a85ca10-6c0d027f" xlink:type="simple" xsi:type="instance:XMLLink"/>
                    <hints3:property hints3:name="glass/boundingBox" xsi:type="hints3:Property">
                        <hints3:value hints3:data="10140,10141,100,100" hints3:type="org.eclipse.swt.graphics.Rectangle" xsi:type="hints3:PropertyValue"/>
                    </hints3:property>
                </hints3:hintedElement>
                <hints3:hintedElement xsi:type="hints3:HintedElement">
                    <hints3:target xlink:href="#linkffff9f01-01c3ac86-0f7d8141-6c0d02a3" xlink:type="simple" xsi:type="instance:XMLLink"/>
                    <hints3:property hints3:name="glass/midpoints" xsi:type="hints3:Property">
                        <hints3:value hints3:data="{}" hints3:type="{[Lorg.eclipse.swt.graphics.Point;,0}" xsi:type="hints3:PropertyValue"/>
                    </hints3:property>
                    <hints3:property hints3:name="glass/endpoint1" xsi:type="hints3:Property">
                        <hints3:value hints3:data="10270,10128" hints3:type="org.eclipse.swt.graphics.Point" xsi:type="hints3:PropertyValue"/>
                    </hints3:property>
                    <hints3:property hints3:name="glass/endpoint2" xsi:type="hints3:Property">
                        <hints3:value hints3:data="10105,10222" hints3:type="org.eclipse.swt.graphics.Point" xsi:type="hints3:PropertyValue"/>
                    </hints3:property>
                    <hints3:property hints3:name="glass/endpoint2-StuckInfo" xsi:type="hints3:Property">
                        <hints3:value hints3:data="{EDGE_FROM_CENTER}" hints3:type="{[Ljava.lang.Object;,1,enum:edu.uci.isr.bna4.logics.coordinating.MaintainStickyPointLogic$StickyMode}" xsi:type="hints3:PropertyValue"/>
                    </hints3:property>
                    <hints3:property hints3:name="glass/endpoint1-StuckInfo" xsi:type="hints3:Property">
                        <hints3:value hints3:data="{EDGE_FROM_CENTER}" hints3:type="{[Ljava.lang.Object;,1,enum:edu.uci.isr.bna4.logics.coordinating.MaintainStickyPointLogic$StickyMode}" xsi:type="hints3:PropertyValue"/>
                    </hints3:property>
                </hints3:hintedElement>
                <hints3:hintedElement xsi:type="hints3:HintedElement">
                    <hints3:target xlink:href="#linkffff9f01-01c3e566-fdccbecd-6c0d02b1" xlink:type="simple" xsi:type="instance:XMLLink"/>
                    <hints3:property hints3:name="glass/midpoints" xsi:type="hints3:Property">
                        <hints3:value hints3:data="{}" hints3:type="{[Lorg.eclipse.swt.graphics.Point;,0}" xsi:type="hints3:PropertyValue"/>
                    </hints3:property>
                    <hints3:property hints3:name="glass/endpoint1" xsi:type="hints3:Property">
                        <hints3:value hints3:data="10299,10130" hints3:type="org.eclipse.swt.graphics.Point" xsi:type="hints3:PropertyValue"/>
                    </hints3:property>
                    <hints3:property hints3:name="glass/endpoint2" xsi:type="hints3:Property">
                        <hints3:value hints3:data="10276,10220" hints3:type="org.eclipse.swt.graphics.Point" xsi:type="hints3:PropertyValue"/>
                    </hints3:property>
                    <hints3:property hints3:name="glass/endpoint1-StuckInfo" xsi:type="hints3:Property">
                        <hints3:value hints3:data="{EDGE_FROM_CENTER}" hints3:type="{[Ljava.lang.Object;,1,enum:edu.uci.isr.bna4.logics.coordinating.MaintainStickyPointLogic$StickyMode}" xsi:type="hints3:PropertyValue"/>
                    </hints3:property>
                    <hints3:property hints3:name="glass/endpoint2-StuckInfo" xsi:type="hints3:Property">
                        <hints3:value hints3:data="{EDGE_FROM_CENTER}" hints3:type="{[Ljava.lang.Object;,1,enum:edu.uci.isr.bna4.logics.coordinating.MaintainStickyPointLogic$StickyMode}" xsi:type="hints3:PropertyValue"/>
                    </hints3:property>
                </hints3:hintedElement>
                <hints3:hintedElement xsi:type="hints3:HintedElement">
                    <hints3:target xlink:href="#linkffff9f01-01c43c41-abc148cd-6c0d02c9" xlink:type="simple" xsi:type="instance:XMLLink"/>
                    <hints3:property hints3:name="glass/midpoints" xsi:type="hints3:Property">
                        <hints3:value hints3:data="{}" hints3:type="{[Lorg.eclipse.swt.graphics.Point;,0}" xsi:type="hints3:PropertyValue"/>
                    </hints3:property>
                    <hints3:property hints3:name="glass/endpoint1" xsi:type="hints3:Property">
                        <hints3:value hints3:data="10330,10130" hints3:type="org.eclipse.swt.graphics.Point" xsi:type="hints3:PropertyValue"/>
                    </hints3:property>
                    <hints3:property hints3:name="glass/endpoint2" xsi:type="hints3:Property">
                        <hints3:value hints3:data="10420,10220" hints3:type="org.eclipse.swt.graphics.Point" xsi:type="hints3:PropertyValue"/>
                    </hints3:property>
                    <hints3:property hints3:name="glass/endpoint1-StuckInfo" xsi:type="hints3:Property">
                        <hints3:value hints3:data="{EDGE_FROM_CENTER}" hints3:type="{[Ljava.lang.Object;,1,enum:edu.uci.isr.bna4.logics.coordinating.MaintainStickyPointLogic$StickyMode}" xsi:type="hints3:PropertyValue"/>
                    </hints3:property>
                    <hints3:property hints3:name="glass/endpoint2-StuckInfo" xsi:type="hints3:Property">
                        <hints3:value hints3:data="{EDGE_FROM_CENTER}" hints3:type="{[Ljava.lang.Object;,1,enum:edu.uci.isr.bna4.logics.coordinating.MaintainStickyPointLogic$StickyMode}" xsi:type="hints3:PropertyValue"/>
                    </hints3:property>
                </hints3:hintedElement>
            </hints3:hintedElement>
            <hints3:hintedElement xsi:type="hints3:HintedElement">
                <hints3:target xlink:href="#interfaceTypeffff9f01-00e4ea95-665c20bc-6c0d0021" xlink:type="simple" xsi:type="instance:XMLLink"/>
            </hints3:hintedElement>
        </hints3:hintedElement>
    </hints3:renderingHints3>
    <changes:archChange changes:id="archChangeffff9f01-01bd38b7-601d2ed8-6c0d0029" xsi:type="changes:ArchChange">
        <changes:description xsi:type="instance:Description">Architecture Change Model</changes:description>
        <changes:changes changes:id="changesffff9f01-01bda516-d4c68108-6c0d002c" changes:status="mapped" xsi:type="changes:Changes">
            <changes:description xsi:type="instance:Description">2015-03-09 22:32</changes:description>
            <changes:componentChange changes:id="componentChangeffff9f01-01bda52a-75b804c3-6c0d0031" changes:type="add" xsi:type="changes:ComponentChange">
                <changes:description xsi:type="instance:Description">New Component</changes:description>
                <changes:component xlink:href="#componentffff9f01-01bda509-23f155c1-6c0d002b" xlink:type="simple" xsi:type="instance:XMLLink"/>
            </changes:componentChange>
            <changes:componentChange changes:id="componentChangeffff9f01-01be8b24-66c40650-6c0d0051" changes:type="add" xsi:type="changes:ComponentChange">
                <changes:description xsi:type="instance:Description">New Component</changes:description>
                <changes:component xlink:href="#componentffff9f01-01be8b22-ddcdfbb8-6c0d0050" xlink:type="simple" xsi:type="instance:XMLLink"/>
            </changes:componentChange>
            <changes:componentChange changes:id="componentChangeffff9f01-01beaabb-c8dae01a-6c0d0075" changes:type="add" xsi:type="changes:ComponentChange">
                <changes:description xsi:type="instance:Description">New Component</changes:description>
                <changes:component xlink:href="#componentffff9f01-01beaab9-b06a7f51-6c0d0074" xlink:type="simple" xsi:type="instance:XMLLink"/>
            </changes:componentChange>
            <changes:componentChange changes:id="componentChangeffff9f01-01c01a6c-ed785b1a-6c0d00cb" changes:type="add" xsi:type="changes:ComponentChange">
                <changes:description xsi:type="instance:Description">New Component</changes:description>
                <changes:component xlink:href="#componentffff9f01-01c01a6b-9f663dab-6c0d00ca" xlink:type="simple" xsi:type="instance:XMLLink"/>
            </changes:componentChange>
            <changes:componentChange changes:id="componentChangeffff9f01-01c15bc6-5a8dcfd6-6c0d01c0" changes:type="update" xsi:type="changes:ComponentChange">
                <changes:description xsi:type="instance:Description">New interface</changes:description>
                <changes:component xlink:href="#componentffff9f01-01bda509-23f155c1-6c0d002b" xlink:type="simple" xsi:type="instance:XMLLink"/>
                <changes:interfaceChange changes:id="interfaceChangeffff9f01-01c15bcb-bef97c18-6c0d01c6" changes:type="add" xsi:type="changes:InterfaceChange">
                    <changes:interface xlink:href="#interfaceffff9f01-01c15bc3-9d920b8f-6c0d01bf" xlink:type="simple" xsi:type="instance:XMLLink"/>
                </changes:interfaceChange>
            </changes:componentChange>
            <changes:componentChange changes:id="componentChangeffff9f01-01c1a6a1-57cc9ab2-6c0d01e2" changes:type="update" xsi:type="changes:ComponentChange">
                <changes:description xsi:type="instance:Description">New interface</changes:description>
                <changes:component xlink:href="#componentffff9f01-01bda509-23f155c1-6c0d002b" xlink:type="simple" xsi:type="instance:XMLLink"/>
                <changes:interfaceChange changes:id="interfaceChangeffff9f01-01c1a6a1-86841877-6c0d01e3" changes:type="add" xsi:type="changes:InterfaceChange">
                    <changes:interface xlink:href="#interfaceffff9f01-01c1a69e-dcd04bb1-6c0d01e1" xlink:type="simple" xsi:type="instance:XMLLink"/>
                </changes:interfaceChange>
            </changes:componentChange>
            <changes:componentChange changes:id="componentChangeffff9f01-01c1d789-bf02cca8-6c0d0204" changes:type="update" xsi:type="changes:ComponentChange">
                <changes:description xsi:type="instance:Description">New interface</changes:description>
                <changes:component xlink:href="#componentffff9f01-01bda509-23f155c1-6c0d002b" xlink:type="simple" xsi:type="instance:XMLLink"/>
                <changes:interfaceChange changes:id="interfaceChangeffff9f01-01c1d78a-30cd2807-6c0d0205" changes:type="add" xsi:type="changes:InterfaceChange">
                    <changes:interface xlink:href="#interfaceffff9f01-01c1d787-9068aca2-6c0d0203" xlink:type="simple" xsi:type="instance:XMLLink"/>
                </changes:interfaceChange>
            </changes:componentChange>
            <changes:componentChange changes:id="componentChangeffff9f01-01c203ba-ef0220fb-6c0d0227" changes:type="update" xsi:type="changes:ComponentChange">
                <changes:description xsi:type="instance:Description">New interface</changes:description>
                <changes:component xlink:href="#componentffff9f01-01c01a6b-9f663dab-6c0d00ca" xlink:type="simple" xsi:type="instance:XMLLink"/>
                <changes:interfaceChange changes:id="interfaceChangeffff9f01-01c203bb-4ec7b406-6c0d022a" changes:type="add" xsi:type="changes:InterfaceChange">
                    <changes:interface xlink:href="#interfaceffff9f01-01c203b8-619c9eca-6c0d0226" xlink:type="simple" xsi:type="instance:XMLLink"/>
                </changes:interfaceChange>
            </changes:componentChange>
            <changes:componentChange changes:id="componentChangeffff9f01-01c240c8-f3f38a7a-6c0d0249" changes:type="update" xsi:type="changes:ComponentChange">
                <changes:description xsi:type="instance:Description">New interface</changes:description>
                <changes:component xlink:href="#componentffff9f01-01beaab9-b06a7f51-6c0d0074" xlink:type="simple" xsi:type="instance:XMLLink"/>
                <changes:interfaceChange changes:id="interfaceChangeffff9f01-01c240c9-5ad64311-6c0d024a" changes:type="add" xsi:type="changes:InterfaceChange">
                    <changes:interface xlink:href="#interfaceffff9f01-01c240c7-409e26d4-6c0d0248" xlink:type="simple" xsi:type="instance:XMLLink"/>
                </changes:interfaceChange>
            </changes:componentChange>
            <changes:componentChange changes:id="componentChangeffff9f01-01c27c8a-d645ab50-6c0d026d" changes:type="update" xsi:type="changes:ComponentChange">
                <changes:description xsi:type="instance:Description">New interface</changes:description>
                <changes:component xlink:href="#componentffff9f01-01be8b22-ddcdfbb8-6c0d0050" xlink:type="simple" xsi:type="instance:XMLLink"/>
                <changes:interfaceChange changes:id="interfaceChangeffff9f01-01c27c8b-31fa04e5-6c0d026e" changes:type="add" xsi:type="changes:InterfaceChange">
                    <changes:interface xlink:href="#interfaceffff9f01-01c27c89-4543e6bf-6c0d026c" xlink:type="simple" xsi:type="instance:XMLLink"/>
                </changes:interfaceChange>
            </changes:componentChange>
            <changes:componentChange changes:id="componentChangeffff9f01-01c37bf3-257513d7-6c0d0280" changes:type="add" xsi:type="changes:ComponentChange">
                <changes:description xsi:type="instance:Description">New Component</changes:description>
                <changes:component xlink:href="#componentffff9f01-01c37bf2-9a85ca10-6c0d027f" xlink:type="simple" xsi:type="instance:XMLLink"/>
            </changes:componentChange>
            <changes:componentChange changes:id="componentChangeffff9f01-01c39d7f-17ffb26d-6c0d02a2" changes:type="remove" xsi:type="changes:ComponentChange">
                <changes:description xsi:type="instance:Description">Remove Component</changes:description>
                <changes:component xlink:href="#Copy of componentffff9f01-01c37bf2-9a85ca10-6c0d027f" xlink:type="simple" xsi:type="instance:XMLLink"/>
                <changes:copyOfRemovedComponent types:id="Copy of componentffff9f01-01c37bf2-9a85ca10-6c0d027f" xsi:type="types:Component">
                    <types:description xsi:type="instance:Description">[New Component]</types:description>
                </changes:copyOfRemovedComponent>
            </changes:componentChange>
            <changes:linkChange changes:id="linkChangeffff9f01-01c3ac8c-17e204a1-6c0d02a6" changes:type="add" xsi:type="changes:LinkChange">
                <changes:description xsi:type="instance:Description">New Link</changes:description>
                <changes:link xlink:href="#linkffff9f01-01c3ac86-0f7d8141-6c0d02a3" xlink:type="simple" xsi:type="instance:XMLLink"/>
            </changes:linkChange>
            <changes:linkChange changes:id="linkChangeffff9f01-01c3e567-9af92e7e-6c0d02b2" changes:type="add" xsi:type="changes:LinkChange">
                <changes:description xsi:type="instance:Description">New Link</changes:description>
                <changes:link xlink:href="#linkffff9f01-01c3e566-fdccbecd-6c0d02b1" xlink:type="simple" xsi:type="instance:XMLLink"/>
            </changes:linkChange>
            <changes:linkChange changes:id="linkChangeffff9f01-01c426db-f5ab953d-6c0d02c7" changes:type="update" xsi:type="changes:LinkChange">
                <changes:description xsi:type="instance:Description">Update Link</changes:description>
                <changes:link xlink:href="#linkffff9f01-01c3e566-fdccbecd-6c0d02b1" xlink:type="simple" xsi:type="instance:XMLLink"/>
            </changes:linkChange>
            <changes:linkChange changes:id="linkChangeffff9f01-01c43c42-b4497e72-6c0d02ca" changes:type="add" xsi:type="changes:LinkChange">
                <changes:description xsi:type="instance:Description">New Link</changes:description>
                <changes:link xlink:href="#linkffff9f01-01c43c41-abc148cd-6c0d02c9" xlink:type="simple" xsi:type="instance:XMLLink"/>
            </changes:linkChange>
        </changes:changes>
    </changes:archChange>
</instance:xArch>
